OrderID,Product,Quantity,Price,OrderDate,PurchaseAddress
1,USB 3.0,,150000,2025-09-12 02:31:30,Hồ Chí Minh
2,Bàn phím cơ,3.0,800000,2025-09-15 19:58:06,Đà Nẵng
3,Bàn phím cơ,7.0,800000,2025-10-15 00:28:49,Đà Nẵng
4,Màn hình 24inch,2.0,3500000,2025-05-07 10:16:02,Cần Thơ
5,Bàn phím cơ,7.0,800000,2025-12-09 17:59:23,Hải Phòng
6,Màn hình 24inch,10.0,3500000,2025-12-25 20:06:34,Đà Nẵng
7,Màn hình 24inch,5.0,-3500000,2025-03-15 05:15:04,Đà Nẵng
8,Laptop,1.0,15000000,2025-05-24 05:03:25,Hồ Chí Minh
9,Laptop,7.0,15000000,2025-08-19 15:34:27,Hồ Chí Minh
10,Chuột không dây,7.0,250000,2025-09-28 12:15:25,Hải Phòng
11,Màn hình 24inch,2.0,3500000,2025-06-24 06:13:58,Cần Thơ
12,Laptop,9.0,15000000,2025-07-27 17:00:57,Cần Thơ
13,Chuột không dây,5.0,250000,2025-01-15 18:23:36,Cần Thơ
14,Tai nghe,8.0,500000,2025-07-14 19:45:13,Đà Nẵng
15,Màn hình 24inch,5.0,3500000,2025-01-23 03:14:28,Đà Nẵng
16,Bàn phím cơ,3.0,800000,2025-11-01 22:09:19,Hồ Chí Minh
17,Chuột không dây,10.0,250000,2025-11-27 13:13:16,Cần Thơ
18,Chuột không dây,4.0,250000,2025-02-06 10:09:49,Hồ Chí Minh
19,Bàn phím cơ,8.0,800000,2025-04-05 01:59:13,Hải Phòng
20,Laptop,8.0,15000000,2025-11-27 13:27:15,Hải Phòng
21,Bàn phím cơ,5.0,800000,2025-04-07 20:04:05,Đà Nẵng
22,Màn hình 24inch,10.0,3500000,2025-04-08 13:51:30,Đà Nẵng
23,Tai nghe,4.0,500000,2025-08-22 11:09:29,Cần Thơ
24,Bàn phím cơ,,800000,2025-08-19 13:09:08,Hồ Chí Minh
25,Laptop,7.0,15000000,2025-12-01 00:10:15,Hà Nội
26,Chuột không dây,5.0,250000,2025-08-31 07:59:43,Hải Phòng
27,Bàn phím cơ,4.0,800000,2025-01-23 16:31:18,Đà Nẵng
28,Tai nghe,2.0,500000,2025-11-14 21:13:29,Hồ Chí Minh
29,Chuột không dây,2.0,250000,2025-10-10 03:37:34,
30,Bàn phím cơ,8.0,800000,2025-11-21 08:32:35,Hồ Chí Minh
31,Chuột không dây,9.0,250000,2025-03-01 12:29:26,Đà Nẵng
32,Màn hình 24inch,3.0,3500000,2025-02-09 10:13:43,Hải Phòng
33,Laptop,10.0,15000000,2025-07-13 04:35:06,Cần Thơ
34,USB 3.0,,-150000,2025-09-12 07:49:43,Đà Nẵng
35,Màn hình 24inch,6.0,3500000,2025-07-11 12:51:35,Hải Phòng
36,USB 3.0,7.0,150000,2025-11-15 13:00:24,Cần Thơ
37,USB 3.0,9.0,150000,2025-01-21 18:59:59,Đà Nẵng
38,Laptop,4.0,15000000,2025-08-26 16:12:56,Đà Nẵng
39,Bàn phím cơ,4.0,800000,2025-03-29 12:20:24,Hồ Chí Minh
40,USB 3.0,10.0,150000,2025-07-11 23:37:40,Đà Nẵng
41,Màn hình 24inch,7.0,3500000,2025-11-22 13:32:15,Hồ Chí Minh
42,Màn hình 24inch,9.0,3500000,2025-02-15 05:07:21,Hà Nội
43,Chuột không dây,9.0,250000,2025-05-25 11:43:01,Hải Phòng
44,Chuột không dây,10.0,250000,2025-12-24 04:20:53,Hải Phòng
45,USB 3.0,1.0,150000,2025-06-28 06:33:14,
46,Chuột không dây,1.0,250000,2025-12-22 01:04:46,
47,Tai nghe,4.0,500000,2025-04-12 03:47:22,Hà Nội
48,Màn hình 24inch,8.0,3500000,2025-08-29 07:21:27,Hải Phòng
49,Laptop,6.0,15000000,2025-02-22 07:02:47,Hồ Chí Minh
50,Màn hình 24inch,2.0,3500000,2025-10-31 03:06:22,Hồ Chí Minh
51,Laptop,7.0,15000000,2025-01-03 01:40:27,Cần Thơ
52,Màn hình 24inch,8.0,3500000,2025-02-02 12:52:20,Hà Nội
53,Tai nghe,5.0,-500000,2025-06-01 13:21:10,Hồ Chí Minh
54,Bàn phím cơ,10.0,800000,2025-07-15 22:27:02,Hồ Chí Minh
55,Laptop,3.0,15000000,2025-08-16 04:14:38,Cần Thơ
56,Màn hình 24inch,1.0,3500000,2025-08-18 03:42:08,
57,Chuột không dây,2.0,250000,2025-08-11 22:47:44,Hải Phòng
58,Chuột không dây,3.0,250000,2025-07-27 00:38:56,Đà Nẵng
59,Chuột không dây,10.0,250000,2025-07-23 02:54:40,Hải Phòng
60,Màn hình 24inch,7.0,3500000,2025-11-29 09:01:36,Cần Thơ
61,Màn hình 24inch,7.0,3500000,2025-09-27 16:39:03,Đà Nẵng
62,USB 3.0,2.0,150000,2025-07-04 12:56:38,Hà Nội
63,Tai nghe,4.0,500000,2025-02-14 23:22:25,Cần Thơ
64,USB 3.0,2.0,150000,2025-04-26 07:04:49,Đà Nẵng
65,Laptop,8.0,15000000,2025-05-12 11:48:26,Hà Nội
66,Màn hình 24inch,9.0,3500000,2025-01-29 02:17:03,Hải Phòng
67,Laptop,3.0,15000000,2025-03-02 08:57:21,Hà Nội
68,USB 3.0,3.0,150000,2025-10-16 08:53:35,Đà Nẵng
69,Màn hình 24inch,2.0,3500000,2025-08-03 05:10:49,Hải Phòng
70,Bàn phím cơ,9.0,800000,2025-03-02 12:13:54,Hải Phòng
71,Tai nghe,9.0,500000,2025-04-14 04:46:04,Hải Phòng
72,Màn hình 24inch,3.0,3500000,2025-12-14 05:59:19,Hà Nội
73,Màn hình 24inch,9.0,3500000,2025-03-16 23:57:08,Hải Phòng
74,Chuột không dây,7.0,250000,2025-01-22 18:01:56,Hà Nội
75,Bàn phím cơ,4.0,800000,2025-07-22 06:00:46,
76,Tai nghe,8.0,500000,2025-09-07 22:50:47,Đà Nẵng
77,Laptop,2.0,15000000,2025-07-24 11:24:00,Đà Nẵng
78,Laptop,4.0,15000000,2025-01-06 05:38:21,Đà Nẵng
79,Tai nghe,5.0,500000,2025-12-03 16:32:26,Hải Phòng
80,Laptop,6.0,15000000,2025-07-19 11:21:03,Cần Thơ
81,Laptop,3.0,15000000,2025-10-01 05:20:00,Hải Phòng
82,Laptop,8.0,15000000,2025-06-30 02:58:11,Đà Nẵng
83,USB 3.0,5.0,150000,2025-11-01 19:46:55,Hải Phòng
84,Màn hình 24inch,3.0,3500000,2025-03-31 13:45:58,Hà Nội
85,Chuột không dây,5.0,250000,2025-01-23 05:31:01,Hà Nội
86,Chuột không dây,8.0,250000,2025-06-05 05:21:50,Cần Thơ
87,Chuột không dây,,250000,2025-11-05 12:19:30,Hồ Chí Minh
88,Bàn phím cơ,2.0,800000,2025-09-08 10:44:20,Hải Phòng
89,Laptop,10.0,15000000,2025-02-17 22:48:24,Hà Nội
90,Chuột không dây,7.0,250000,2025-11-16 23:15:48,Cần Thơ
91,Màn hình 24inch,6.0,-3500000,2025-07-30 08:23:08,Hải Phòng
92,Chuột không dây,3.0,250000,2025-07-12 16:20:11,Hà Nội
93,USB 3.0,3.0,150000,2025-07-01 21:24:43,Hà Nội
94,USB 3.0,,150000,2025-04-12 07:06:52,Cần Thơ
95,Chuột không dây,1.0,250000,2025-03-25 16:51:21,Hồ Chí Minh
96,Màn hình 24inch,5.0,3500000,2025-01-16 18:34:16,Cần Thơ
97,USB 3.0,7.0,150000,2025-02-01 05:05:59,
98,Tai nghe,8.0,500000,2025-10-13 01:01:01,Hải Phòng
99,Laptop,10.0,15000000,2025-11-03 04:58:32,
100,Bàn phím cơ,2.0,800000,2025-02-24 18:58:37,Hải Phòng
101,USB 3.0,8.0,150000,2025-11-26 13:33:00,Hải Phòng
102,Màn hình 24inch,8.0,3500000,2025-07-26 14:45:29,Hà Nội
103,Chuột không dây,3.0,250000,2025-12-10 16:25:02,Cần Thơ
104,Chuột không dây,4.0,250000,2025-10-11 13:41:32,Hà Nội
105,USB 3.0,9.0,150000,2025-05-26 19:39:32,Cần Thơ
106,Bàn phím cơ,5.0,800000,2025-04-09 11:09:16,Hồ Chí Minh
107,Tai nghe,4.0,500000,2025-07-03 09:03:34,Hà Nội
108,Bàn phím cơ,4.0,800000,2025-07-19 19:52:16,Đà Nẵng
109,Màn hình 24inch,9.0,3500000,2025-10-10 03:18:19,Hà Nội
110,Laptop,4.0,15000000,2025-03-18 04:18:06,Hải Phòng
111,Laptop,4.0,15000000,2025-09-06 05:35:38,Hà Nội
112,USB 3.0,2.0,150000,2025-10-13 14:06:28,Đà Nẵng
113,Chuột không dây,4.0,250000,2025-03-27 20:40:26,Hà Nội
114,Màn hình 24inch,5.0,3500000,2025-07-15 21:34:38,Cần Thơ
115,Laptop,10.0,15000000,2025-12-25 14:52:39,Hồ Chí Minh
116,Laptop,4.0,15000000,2025-01-21 18:51:25,Cần Thơ
117,Laptop,5.0,15000000,2025-11-18 21:14:47,Hồ Chí Minh
118,USB 3.0,6.0,150000,2025-11-30 12:27:05,Hồ Chí Minh
119,USB 3.0,4.0,150000,2025-12-23 06:10:56,Hà Nội
120,Bàn phím cơ,,800000,2025-01-21 09:02:27,Hà Nội
121,Tai nghe,5.0,-500000,2025-12-28 01:10:10,Hà Nội
122,Laptop,5.0,15000000,2025-04-14 08:39:23,Hà Nội
123,Bàn phím cơ,10.0,800000,2025-10-29 17:32:12,Cần Thơ
124,Laptop,8.0,15000000,2025-08-20 08:52:10,Hồ Chí Minh
125,Tai nghe,8.0,500000,2025-08-02 03:09:49,Hải Phòng
126,Bàn phím cơ,6.0,800000,2025-06-11 03:01:55,Cần Thơ
127,USB 3.0,10.0,150000,2025-04-15 16:06:56,Hồ Chí Minh
128,Bàn phím cơ,3.0,800000,2025-04-27 01:11:10,Hải Phòng
129,Màn hình 24inch,9.0,3500000,2025-09-27 15:37:31,Hà Nội
130,Chuột không dây,8.0,250000,2025-09-28 15:44:21,Cần Thơ
131,Màn hình 24inch,8.0,3500000,2025-12-13 12:56:06,Hồ Chí Minh
132,Chuột không dây,2.0,250000,2025-11-09 07:00:21,Hải Phòng
133,Màn hình 24inch,10.0,3500000,2025-05-25 09:18:00,Hà Nội
134,Tai nghe,7.0,500000,2025-02-14 06:37:00,
135,Màn hình 24inch,,3500000,2025-06-14 21:31:14,Hồ Chí Minh
136,USB 3.0,8.0,150000,2025-12-28 09:54:48,Hồ Chí Minh
137,Tai nghe,6.0,500000,2025-06-23 02:36:45,Cần Thơ
138,Chuột không dây,2.0,250000,2025-02-10 20:14:37,Hà Nội
139,USB 3.0,8.0,150000,2025-02-24 10:37:28,Cần Thơ
140,Bàn phím cơ,9.0,800000,2025-01-16 20:46:26,Hà Nội
141,USB 3.0,10.0,150000,2025-12-02 03:49:24,Hà Nội
142,Màn hình 24inch,7.0,3500000,2025-06-03 16:29:37,Đà Nẵng
143,Chuột không dây,2.0,250000,2025-06-17 02:50:56,Cần Thơ
144,USB 3.0,,150000,2025-01-28 09:46:06,Hà Nội
145,Tai nghe,1.0,500000,2025-05-04 03:29:05,Hải Phòng
146,Chuột không dây,5.0,250000,2025-09-24 08:08:43,Cần Thơ
147,Chuột không dây,1.0,250000,2025-06-05 17:32:10,Hải Phòng
148,Màn hình 24inch,,3500000,2025-11-10 15:06:45,Cần Thơ
149,Bàn phím cơ,4.0,800000,2025-05-18 03:32:39,Hồ Chí Minh
150,Màn hình 24inch,2.0,3500000,2025-11-04 14:32:03,Đà Nẵng
151,USB 3.0,3.0,150000,2025-09-15 18:44:31,
152,Laptop,8.0,15000000,2025-12-03 07:58:25,Hải Phòng
153,Tai nghe,3.0,500000,2025-08-12 18:11:42,Hải Phòng
154,Tai nghe,5.0,500000,2025-08-05 13:04:48,Hà Nội
155,Chuột không dây,,-250000,2025-07-02 13:38:05,Đà Nẵng
156,Màn hình 24inch,3.0,3500000,2025-02-05 18:01:37,Hải Phòng
157,USB 3.0,10.0,150000,2025-10-25 00:22:00,Hà Nội
158,Chuột không dây,,250000,2025-11-09 04:05:20,Hồ Chí Minh
159,USB 3.0,6.0,150000,2025-09-19 14:24:15,Hồ Chí Minh
160,USB 3.0,1.0,150000,2025-06-02 01:42:25,Hồ Chí Minh
161,Bàn phím cơ,7.0,800000,2025-09-12 22:15:44,Hồ Chí Minh
162,Tai nghe,6.0,500000,2025-01-19 03:09:28,
163,Chuột không dây,6.0,250000,2025-01-27 10:45:53,Hải Phòng
164,USB 3.0,1.0,150000,2025-11-01 16:10:55,Hà Nội
165,Laptop,7.0,15000000,2025-05-28 21:07:06,Đà Nẵng
166,Bàn phím cơ,2.0,800000,2025-02-06 23:39:07,Đà Nẵng
167,USB 3.0,1.0,150000,2025-10-18 11:27:11,Đà Nẵng
168,Màn hình 24inch,1.0,3500000,2025-05-01 02:36:35,Cần Thơ
169,Laptop,6.0,15000000,2025-12-25 22:49:19,Hải Phòng
170,USB 3.0,1.0,150000,2025-03-15 19:25:10,Cần Thơ
171,USB 3.0,7.0,150000,2025-03-03 23:49:24,Hồ Chí Minh
172,Bàn phím cơ,1.0,800000,2025-09-24 10:28:56,Hải Phòng
173,USB 3.0,2.0,150000,2025-09-10 15:10:44,Đà Nẵng
174,USB 3.0,8.0,150000,2025-05-26 05:34:29,Cần Thơ
175,Laptop,7.0,15000000,2025-12-10 06:25:35,Hà Nội
176,Laptop,10.0,15000000,2025-07-02 06:51:12,Hà Nội
177,Chuột không dây,8.0,250000,2025-08-11 03:42:06,
178,Laptop,2.0,15000000,2025-04-11 03:24:33,Hải Phòng
179,Bàn phím cơ,2.0,800000,2025-03-16 10:50:41,Hồ Chí Minh
180,USB 3.0,8.0,150000,2025-10-27 10:40:43,Hải Phòng
181,Tai nghe,3.0,500000,2025-01-21 19:38:55,Hà Nội
182,Màn hình 24inch,3.0,3500000,2025-06-17 08:27:39,Hải Phòng
183,Màn hình 24inch,8.0,3500000,2025-12-30 19:12:26,Hà Nội
184,Màn hình 24inch,9.0,3500000,2025-03-15 08:24:03,Hồ Chí Minh
185,Laptop,9.0,15000000,2025-08-05 09:35:11,Hà Nội
186,Chuột không dây,1.0,250000,2025-05-04 09:16:13,Hải Phòng
187,Chuột không dây,6.0,250000,2025-10-03 04:30:18,Hồ Chí Minh
188,Laptop,7.0,15000000,2025-01-09 00:06:11,Hải Phòng
189,Bàn phím cơ,10.0,800000,2025-05-27 15:54:43,Hà Nội
190,USB 3.0,4.0,150000,2025-01-12 15:53:57,Cần Thơ
191,Bàn phím cơ,3.0,800000,2025-03-27 16:10:42,Đà Nẵng
192,Màn hình 24inch,8.0,3500000,2025-09-19 05:19:51,Hồ Chí Minh
193,Màn hình 24inch,3.0,3500000,2025-06-02 18:57:09,Hải Phòng
194,Bàn phím cơ,1.0,800000,2025-11-11 22:43:22,Hồ Chí Minh
195,USB 3.0,6.0,150000,2025-09-16 03:39:36,Hải Phòng
196,Laptop,4.0,15000000,2025-05-24 20:28:56,Cần Thơ
197,Màn hình 24inch,2.0,3500000,2025-10-06 08:09:53,Đà Nẵng
198,Laptop,4.0,15000000,2025-02-22 22:52:39,Đà Nẵng
199,Tai nghe,3.0,500000,2025-04-26 19:19:38,Cần Thơ
200,Bàn phím cơ,6.0,800000,2025-09-04 02:49:48,Hải Phòng
201,USB 3.0,1.0,150000,2025-08-08 11:07:47,Cần Thơ
202,Tai nghe,8.0,500000,2025-09-25 16:09:47,Hà Nội
203,Bàn phím cơ,3.0,800000,2025-07-08 05:26:06,
204,Bàn phím cơ,8.0,-800000,2025-02-21 02:13:38,Hồ Chí Minh
205,Màn hình 24inch,,3500000,2025-10-24 08:48:03,Hải Phòng
206,Bàn phím cơ,10.0,800000,2025-05-20 05:26:44,Hà Nội
207,Laptop,6.0,15000000,2025-11-30 01:49:48,Cần Thơ
208,Màn hình 24inch,2.0,3500000,2025-08-24 23:37:29,Đà Nẵng
209,Màn hình 24inch,4.0,3500000,2025-05-06 17:06:31,Cần Thơ
210,Bàn phím cơ,10.0,800000,2025-03-11 18:26:07,Đà Nẵng
211,USB 3.0,3.0,150000,2025-12-05 17:06:47,Cần Thơ
212,Chuột không dây,5.0,250000,2025-09-13 01:21:44,Cần Thơ
213,Màn hình 24inch,2.0,3500000,2025-05-19 19:55:38,Cần Thơ
214,Laptop,5.0,15000000,2025-03-19 19:39:32,
215,Màn hình 24inch,6.0,3500000,2025-08-27 08:54:37,Cần Thơ
216,Màn hình 24inch,5.0,3500000,2025-05-17 02:24:44,Đà Nẵng
217,USB 3.0,2.0,150000,2025-02-08 20:56:12,Hà Nội
218,Laptop,3.0,15000000,2025-04-14 18:29:33,Hải Phòng
219,Tai nghe,2.0,-500000,2025-09-05 10:08:12,Cần Thơ
220,Laptop,6.0,15000000,2025-11-06 14:22:48,Đà Nẵng
221,USB 3.0,10.0,150000,2025-02-12 18:56:26,Đà Nẵng
222,Tai nghe,9.0,500000,2025-05-17 22:19:58,Hà Nội
223,Chuột không dây,3.0,250000,2025-03-08 07:36:21,Hồ Chí Minh
224,Tai nghe,5.0,500000,2025-12-19 09:59:48,Hồ Chí Minh
225,Bàn phím cơ,10.0,-800000,2025-08-16 09:53:09,Đà Nẵng
226,Tai nghe,6.0,500000,2025-08-15 05:20:38,Hà Nội
227,Màn hình 24inch,8.0,3500000,2025-01-27 03:42:51,Cần Thơ
228,Bàn phím cơ,2.0,800000,2025-03-21 18:45:16,Hải Phòng
229,Tai nghe,6.0,500000,2025-08-05 19:51:36,
230,Tai nghe,8.0,500000,2025-02-16 02:58:38,
231,Màn hình 24inch,1.0,3500000,2025-05-13 12:23:22,Hồ Chí Minh
232,USB 3.0,1.0,150000,2025-03-15 21:08:17,Cần Thơ
233,Màn hình 24inch,6.0,3500000,2025-05-04 00:08:16,Hồ Chí Minh
234,Màn hình 24inch,9.0,3500000,2025-10-06 23:12:19,
235,Bàn phím cơ,5.0,800000,2025-04-09 11:10:26,Hải Phòng
236,Bàn phím cơ,9.0,800000,2025-05-09 02:41:05,Hải Phòng
237,Chuột không dây,10.0,250000,2025-08-21 22:12:41,Hồ Chí Minh
238,Laptop,2.0,15000000,2025-05-19 06:21:40,Hà Nội
239,USB 3.0,6.0,150000,2025-05-04 19:19:15,Đà Nẵng
240,Bàn phím cơ,1.0,800000,2025-01-07 17:15:53,Cần Thơ
241,Màn hình 24inch,2.0,3500000,2025-12-12 09:18:14,Hà Nội
242,Màn hình 24inch,5.0,3500000,2025-09-02 17:59:02,Đà Nẵng
243,Laptop,8.0,15000000,2025-12-04 04:16:29,Cần Thơ
244,Bàn phím cơ,2.0,800000,2025-02-12 00:00:11,
245,Chuột không dây,7.0,250000,2025-10-06 05:32:51,Hải Phòng
246,Chuột không dây,9.0,250000,2025-01-06 09:22:22,Hải Phòng
247,Laptop,5.0,15000000,2025-09-14 00:21:21,Cần Thơ
248,Chuột không dây,2.0,250000,2025-03-21 16:16:57,Cần Thơ
249,Chuột không dây,10.0,250000,2025-09-26 03:12:31,Cần Thơ
250,Màn hình 24inch,2.0,3500000,2025-06-18 06:21:21,Hải Phòng
251,Màn hình 24inch,1.0,3500000,2025-05-01 13:06:14,Hải Phòng
252,USB 3.0,10.0,150000,2025-11-28 15:10:35,Hà Nội
253,Laptop,7.0,15000000,2025-04-17 12:15:52,Hà Nội
254,USB 3.0,1.0,150000,2025-10-04 07:55:52,Hải Phòng
255,Bàn phím cơ,4.0,800000,2025-11-29 00:59:01,Hải Phòng
256,Màn hình 24inch,9.0,3500000,2025-01-13 03:40:54,Hải Phòng
257,Bàn phím cơ,4.0,800000,2025-01-14 15:27:11,Hải Phòng
258,Tai nghe,1.0,500000,2025-09-16 07:27:13,Hồ Chí Minh
259,Laptop,5.0,15000000,2025-12-05 09:26:34,Hà Nội
260,Màn hình 24inch,2.0,3500000,2025-11-27 12:38:57,Hà Nội
261,Laptop,,15000000,2025-09-01 13:01:57,Hải Phòng
262,Màn hình 24inch,8.0,3500000,2025-07-06 03:34:59,Hải Phòng
263,Bàn phím cơ,9.0,-800000,2025-01-07 13:52:49,Cần Thơ
264,Bàn phím cơ,2.0,800000,2025-10-05 22:37:18,Đà Nẵng
265,Laptop,1.0,15000000,2025-02-10 20:01:08,Đà Nẵng
266,Tai nghe,8.0,500000,2025-07-12 04:10:48,Cần Thơ
267,Màn hình 24inch,5.0,3500000,2025-08-17 06:39:46,Hà Nội
268,Chuột không dây,5.0,250000,2025-08-03 12:59:38,Hải Phòng
269,Chuột không dây,8.0,250000,2025-05-30 16:05:46,Hồ Chí Minh
270,Màn hình 24inch,5.0,3500000,2025-03-25 09:01:11,Hồ Chí Minh
271,USB 3.0,5.0,150000,2025-03-17 09:27:43,Hà Nội
272,Màn hình 24inch,8.0,3500000,2025-11-01 12:04:49,Hải Phòng
273,Tai nghe,5.0,500000,2025-12-12 02:55:01,Cần Thơ
274,USB 3.0,1.0,150000,2025-04-10 05:24:09,Hồ Chí Minh
275,Laptop,4.0,15000000,2025-09-30 08:32:03,Đà Nẵng
276,USB 3.0,3.0,150000,2025-01-03 20:24:26,Đà Nẵng
277,Tai nghe,9.0,500000,2025-07-25 01:24:49,Cần Thơ
278,Màn hình 24inch,8.0,3500000,2025-12-06 01:57:22,Cần Thơ
279,Bàn phím cơ,4.0,800000,2025-11-22 14:31:16,Hải Phòng
280,Bàn phím cơ,1.0,800000,2025-04-23 11:17:29,Đà Nẵng
281,Bàn phím cơ,6.0,800000,2025-12-28 12:10:52,Đà Nẵng
282,Chuột không dây,4.0,250000,2025-06-22 02:41:26,Hồ Chí Minh
283,USB 3.0,9.0,-150000,2025-08-14 02:19:43,Đà Nẵng
284,Màn hình 24inch,10.0,3500000,2025-11-23 17:34:00,
285,Bàn phím cơ,7.0,800000,2025-12-28 13:15:14,Hải Phòng
286,USB 3.0,10.0,150000,2025-07-05 10:33:20,Hải Phòng
287,Laptop,5.0,15000000,2025-05-16 08:01:17,Đà Nẵng
288,Bàn phím cơ,3.0,800000,2025-09-11 16:38:29,Hải Phòng
289,USB 3.0,7.0,150000,2025-06-05 00:59:19,Hải Phòng
290,USB 3.0,2.0,150000,2025-08-21 09:47:55,Hà Nội
291,USB 3.0,8.0,150000,2025-01-24 03:13:01,Đà Nẵng
292,Laptop,8.0,15000000,2025-11-14 08:50:33,Hà Nội
293,Tai nghe,3.0,500000,2025-12-10 00:12:23,Cần Thơ
294,Laptop,8.0,15000000,2025-01-29 17:06:36,Hồ Chí Minh
295,Chuột không dây,5.0,250000,2025-06-06 19:54:06,Cần Thơ
296,Bàn phím cơ,6.0,800000,2025-12-15 02:15:03,Hồ Chí Minh
297,Chuột không dây,7.0,250000,2025-09-20 20:12:08,Hải Phòng
298,Tai nghe,4.0,500000,2025-03-26 00:47:49,Cần Thơ
299,Bàn phím cơ,3.0,800000,2025-07-25 08:21:19,Hà Nội
300,Laptop,3.0,15000000,2025-04-14 14:49:34,Đà Nẵng
301,Bàn phím cơ,1.0,800000,2025-03-30 23:59:45,Đà Nẵng
302,Bàn phím cơ,10.0,800000,2025-07-28 15:04:31,Hà Nội
303,Tai nghe,2.0,500000,2025-10-28 11:17:38,Hồ Chí Minh
304,Bàn phím cơ,6.0,800000,2025-08-13 10:53:25,Đà Nẵng
305,Màn hình 24inch,1.0,3500000,2025-10-19 21:38:17,
306,USB 3.0,6.0,150000,2025-08-03 18:42:16,Cần Thơ
307,Bàn phím cơ,3.0,800000,2025-01-02 01:57:01,Hà Nội
308,USB 3.0,7.0,150000,2025-03-17 20:02:15,Hồ Chí Minh
309,Laptop,10.0,15000000,2025-07-29 07:50:40,Hải Phòng
310,Bàn phím cơ,8.0,800000,2025-03-17 11:17:47,Cần Thơ
311,USB 3.0,4.0,150000,2025-10-20 06:35:43,Đà Nẵng
312,Bàn phím cơ,,800000,2025-08-23 15:51:09,Hồ Chí Minh
313,Tai nghe,7.0,500000,2025-03-12 01:15:24,Cần Thơ
314,Màn hình 24inch,,3500000,2025-09-21 06:51:10,Hải Phòng
315,Màn hình 24inch,10.0,3500000,2025-03-24 17:23:43,Hải Phòng
316,Màn hình 24inch,10.0,3500000,2025-03-23 18:12:51,Cần Thơ
317,Laptop,8.0,15000000,2025-06-04 05:07:39,Cần Thơ
318,Màn hình 24inch,1.0,3500000,2025-09-28 11:57:28,Hà Nội
319,Bàn phím cơ,7.0,800000,2025-11-27 16:34:42,Hải Phòng
320,Tai nghe,5.0,-500000,2025-01-30 01:18:55,
321,Bàn phím cơ,6.0,800000,2025-05-31 21:21:41,
322,USB 3.0,2.0,150000,2025-06-20 15:49:13,Hải Phòng
323,USB 3.0,8.0,150000,2025-03-09 00:55:12,Hà Nội
324,Bàn phím cơ,8.0,800000,2025-03-21 20:31:33,Cần Thơ
325,Laptop,7.0,15000000,2025-02-19 14:22:56,Hồ Chí Minh
326,USB 3.0,8.0,150000,2025-08-23 22:10:32,Hồ Chí Minh
327,Laptop,1.0,15000000,2025-05-19 23:47:22,Hà Nội
328,Bàn phím cơ,7.0,800000,2025-10-18 21:36:35,Cần Thơ
329,Bàn phím cơ,8.0,800000,2025-09-01 03:09:20,
330,Chuột không dây,9.0,250000,2025-01-18 06:22:22,Cần Thơ
331,Màn hình 24inch,6.0,3500000,2025-09-22 03:37:22,Hà Nội
332,Laptop,7.0,15000000,2025-07-11 15:59:29,Đà Nẵng
333,Màn hình 24inch,8.0,3500000,2025-03-13 22:26:51,Hồ Chí Minh
334,Laptop,8.0,15000000,2025-10-02 07:56:19,Cần Thơ
335,Màn hình 24inch,7.0,3500000,2025-05-03 15:48:47,Hồ Chí Minh
336,Laptop,9.0,15000000,2025-10-01 22:59:22,
337,Chuột không dây,7.0,250000,2025-12-06 20:44:56,Hải Phòng
338,USB 3.0,10.0,150000,2025-03-23 10:05:23,Cần Thơ
339,USB 3.0,1.0,150000,2025-03-03 08:20:29,Hải Phòng
340,Màn hình 24inch,6.0,3500000,2025-10-14 00:39:16,Hà Nội
341,Màn hình 24inch,9.0,3500000,2025-09-29 09:55:18,Hà Nội
342,Màn hình 24inch,1.0,3500000,2025-01-31 23:47:32,Hà Nội
343,Tai nghe,4.0,500000,2025-09-15 15:50:00,Hà Nội
344,Tai nghe,2.0,500000,2025-10-21 15:56:50,Hải Phòng
345,Tai nghe,5.0,500000,2025-02-16 04:22:14,Hải Phòng
346,Bàn phím cơ,3.0,800000,2025-01-27 17:20:06,Hồ Chí Minh
347,Bàn phím cơ,,800000,2025-01-30 04:10:10,Hải Phòng
348,Chuột không dây,3.0,250000,2025-12-18 00:31:31,Hồ Chí Minh
349,Màn hình 24inch,8.0,3500000,2025-09-26 08:49:11,Hải Phòng
350,USB 3.0,10.0,150000,2025-03-01 00:36:13,Cần Thơ
351,Chuột không dây,1.0,250000,2025-10-12 00:49:32,Hải Phòng
352,Laptop,5.0,15000000,2025-02-10 12:05:46,Hà Nội
353,Bàn phím cơ,2.0,800000,2025-11-21 13:02:02,
354,Bàn phím cơ,5.0,800000,2025-06-15 07:28:00,Hồ Chí Minh
355,USB 3.0,8.0,150000,2025-07-02 19:04:43,Hồ Chí Minh
356,Chuột không dây,4.0,250000,2025-10-30 10:08:35,Hà Nội
357,Màn hình 24inch,6.0,3500000,2025-02-03 15:36:03,Đà Nẵng
358,Laptop,10.0,15000000,2025-08-09 15:16:56,Hà Nội
359,Bàn phím cơ,2.0,800000,2025-01-07 02:01:02,Đà Nẵng
360,Laptop,5.0,15000000,2025-10-26 21:25:52,Hải Phòng
361,Bàn phím cơ,9.0,800000,2025-08-12 00:12:59,Hà Nội
362,Laptop,7.0,15000000,2025-06-04 02:30:52,Hải Phòng
363,Tai nghe,6.0,500000,2025-06-09 16:29:32,Hồ Chí Minh
364,Bàn phím cơ,8.0,800000,2025-12-24 16:24:08,Hồ Chí Minh
365,USB 3.0,5.0,150000,2025-10-08 09:30:35,Đà Nẵng
366,Màn hình 24inch,10.0,3500000,2025-11-03 22:41:46,Hồ Chí Minh
367,Laptop,2.0,15000000,2025-05-26 00:32:52,Hà Nội
368,Bàn phím cơ,10.0,800000,2025-06-26 07:40:57,Hải Phòng
369,Màn hình 24inch,10.0,3500000,2025-11-10 05:16:04,Đà Nẵng
370,USB 3.0,2.0,150000,2025-05-11 11:04:03,Cần Thơ
371,USB 3.0,9.0,150000,2025-03-18 12:17:23,Hồ Chí Minh
372,Laptop,,15000000,2025-08-01 18:12:00,Cần Thơ
373,Laptop,6.0,15000000,2025-05-21 04:42:12,Hà Nội
374,Màn hình 24inch,10.0,3500000,2025-07-30 12:58:01,Hồ Chí Minh
375,Bàn phím cơ,7.0,800000,2025-09-26 13:50:00,Cần Thơ
376,Laptop,7.0,15000000,2025-06-08 13:08:49,Hồ Chí Minh
377,Màn hình 24inch,1.0,3500000,2025-12-22 23:24:23,Hồ Chí Minh
378,Laptop,5.0,15000000,2025-11-22 22:10:09,Hồ Chí Minh
379,Màn hình 24inch,7.0,3500000,2025-09-28 05:16:26,Hải Phòng
380,USB 3.0,2.0,150000,2025-12-26 01:21:14,Hải Phòng
381,Chuột không dây,4.0,250000,2025-02-23 18:30:18,Hồ Chí Minh
382,USB 3.0,2.0,150000,2025-04-24 01:32:46,Hải Phòng
383,Bàn phím cơ,3.0,800000,2025-10-10 05:25:43,Hải Phòng
384,Laptop,,15000000,2025-10-17 06:39:18,Hải Phòng
385,Laptop,1.0,15000000,2025-06-30 08:34:18,Cần Thơ
386,Laptop,4.0,15000000,2025-07-09 03:44:50,Cần Thơ
387,Màn hình 24inch,8.0,3500000,2025-08-16 13:40:39,Cần Thơ
388,Chuột không dây,4.0,250000,2025-01-07 01:41:11,Cần Thơ
389,USB 3.0,8.0,150000,2025-03-31 23:57:45,
390,Bàn phím cơ,4.0,800000,2025-04-30 21:54:44,Cần Thơ
391,Bàn phím cơ,,800000,2025-10-15 06:59:46,Cần Thơ
392,USB 3.0,2.0,150000,2025-08-01 19:51:07,Hải Phòng
393,Laptop,7.0,15000000,2025-05-26 17:16:01,Hải Phòng
394,Chuột không dây,8.0,250000,2025-12-13 09:10:43,Hà Nội
395,Màn hình 24inch,4.0,3500000,2025-01-11 11:35:53,Hồ Chí Minh
396,USB 3.0,1.0,150000,2025-09-09 05:59:28,Hồ Chí Minh
397,Chuột không dây,2.0,250000,2025-10-21 13:16:53,Hồ Chí Minh
398,Chuột không dây,10.0,250000,2025-07-30 16:43:01,Đà Nẵng
399,Tai nghe,8.0,500000,2025-12-10 02:32:05,Đà Nẵng
400,Laptop,8.0,15000000,2025-02-28 18:52:10,Đà Nẵng
401,Chuột không dây,3.0,250000,2025-03-06 02:13:37,Hà Nội
402,Chuột không dây,6.0,250000,2025-09-09 21:08:42,Hồ Chí Minh
403,Laptop,3.0,15000000,2025-10-31 15:25:19,Đà Nẵng
404,Chuột không dây,5.0,250000,2025-06-10 23:48:19,Đà Nẵng
405,USB 3.0,9.0,150000,2025-08-03 06:28:25,
406,Màn hình 24inch,8.0,3500000,2025-08-17 18:16:37,Hồ Chí Minh
407,Chuột không dây,3.0,250000,2025-05-17 01:49:28,Hà Nội
408,Màn hình 24inch,7.0,3500000,2025-02-21 12:21:51,Hải Phòng
409,Chuột không dây,3.0,250000,2025-05-24 04:22:54,Cần Thơ
410,Màn hình 24inch,4.0,3500000,2025-09-02 16:00:42,Cần Thơ
411,Chuột không dây,3.0,250000,2025-07-02 08:26:52,Cần Thơ
412,Bàn phím cơ,8.0,800000,2025-06-13 16:06:10,Hải Phòng
413,Chuột không dây,7.0,250000,2025-08-24 10:26:04,Cần Thơ
414,USB 3.0,2.0,150000,2025-12-11 08:50:24,Hà Nội
415,Bàn phím cơ,6.0,800000,2025-02-21 05:20:21,Hồ Chí Minh
416,Tai nghe,8.0,500000,2025-02-09 11:45:30,Đà Nẵng
417,USB 3.0,9.0,150000,2025-07-22 10:18:55,Đà Nẵng
418,Tai nghe,3.0,500000,2025-01-24 03:31:20,Đà Nẵng
419,Màn hình 24inch,9.0,3500000,2025-12-01 17:27:30,Hải Phòng
420,Tai nghe,10.0,500000,2025-07-07 01:55:55,Đà Nẵng
421,Màn hình 24inch,9.0,3500000,2025-03-31 02:57:50,Hồ Chí Minh
422,Bàn phím cơ,6.0,800000,2025-01-09 03:51:15,Hồ Chí Minh
423,Bàn phím cơ,7.0,800000,2025-04-25 23:50:32,Hải Phòng
424,Chuột không dây,1.0,250000,2025-06-27 05:23:43,Hà Nội
425,Laptop,6.0,15000000,2025-09-13 09:47:53,Đà Nẵng
426,Chuột không dây,5.0,250000,2025-12-03 02:45:37,Đà Nẵng
427,Tai nghe,3.0,500000,2025-08-28 18:04:01,Hải Phòng
428,Tai nghe,4.0,500000,2025-09-03 11:32:05,Hồ Chí Minh
429,Màn hình 24inch,4.0,3500000,2025-08-24 07:55:27,
430,Màn hình 24inch,8.0,3500000,2025-01-06 16:59:38,Hà Nội
431,Chuột không dây,6.0,250000,2025-08-11 05:21:39,Đà Nẵng
432,Bàn phím cơ,5.0,800000,2025-11-07 10:47:14,Hà Nội
433,Bàn phím cơ,10.0,800000,2025-10-15 12:24:14,Hải Phòng
434,Laptop,9.0,15000000,2025-04-17 19:03:26,Hồ Chí Minh
435,Laptop,6.0,15000000,2025-05-28 21:21:57,Hồ Chí Minh
436,Màn hình 24inch,10.0,3500000,2025-10-13 01:30:09,Cần Thơ
437,Chuột không dây,8.0,250000,2025-11-19 14:04:29,Hà Nội
438,Màn hình 24inch,1.0,3500000,2025-05-04 18:46:31,Hà Nội
439,Chuột không dây,7.0,250000,2025-12-11 00:30:21,Hải Phòng
440,Laptop,1.0,15000000,2025-11-19 05:02:44,Hà Nội
441,Tai nghe,5.0,500000,2025-09-02 08:00:16,Đà Nẵng
442,USB 3.0,5.0,150000,2025-05-06 03:02:26,Hà Nội
443,Bàn phím cơ,8.0,800000,2025-10-27 19:05:28,Đà Nẵng
444,Chuột không dây,3.0,250000,2025-09-07 05:58:04,Hà Nội
445,Chuột không dây,8.0,250000,2025-12-06 03:06:49,Hà Nội
446,USB 3.0,7.0,-150000,2025-04-24 11:29:53,Đà Nẵng
447,Màn hình 24inch,4.0,3500000,2025-02-06 08:34:11,Hồ Chí Minh
448,USB 3.0,8.0,150000,2025-12-19 07:17:06,Hà Nội
449,Chuột không dây,9.0,250000,2025-10-31 10:41:34,Hồ Chí Minh
450,Laptop,5.0,15000000,2025-03-02 15:01:01,Hải Phòng
451,USB 3.0,4.0,150000,2025-09-09 10:51:46,Đà Nẵng
452,Bàn phím cơ,4.0,800000,2025-03-27 23:27:20,Hồ Chí Minh
453,USB 3.0,10.0,150000,2025-11-22 13:47:45,Hồ Chí Minh
454,Laptop,2.0,15000000,2025-04-10 19:09:34,
455,Chuột không dây,4.0,250000,2025-02-06 10:30:25,Hồ Chí Minh
456,Bàn phím cơ,2.0,800000,2025-01-28 16:26:45,Hải Phòng
457,USB 3.0,3.0,150000,2025-10-21 14:28:18,Hà Nội
458,USB 3.0,1.0,150000,2025-09-17 17:11:48,Cần Thơ
459,USB 3.0,5.0,150000,2025-10-23 21:38:53,Cần Thơ
460,Tai nghe,2.0,500000,2025-03-07 23:14:03,Đà Nẵng
461,Chuột không dây,3.0,250000,2025-05-28 15:43:25,Cần Thơ
462,Màn hình 24inch,9.0,3500000,2025-04-04 09:02:55,Hải Phòng
463,Chuột không dây,6.0,250000,2025-04-14 13:57:44,Hồ Chí Minh
464,Laptop,4.0,15000000,2025-06-19 11:50:58,Hồ Chí Minh
465,Màn hình 24inch,4.0,3500000,2025-08-21 11:06:44,
466,Laptop,1.0,15000000,2025-12-07 22:49:11,Hải Phòng
467,Chuột không dây,10.0,250000,2025-08-08 10:58:24,Cần Thơ
468,Bàn phím cơ,2.0,800000,2025-04-16 13:46:37,
469,Màn hình 24inch,2.0,3500000,2025-06-22 17:59:43,Đà Nẵng
470,Bàn phím cơ,9.0,800000,2025-07-16 02:55:46,Cần Thơ
471,Bàn phím cơ,8.0,800000,2025-12-27 13:17:54,Cần Thơ
472,Bàn phím cơ,9.0,800000,2025-09-15 04:13:14,
473,Chuột không dây,3.0,250000,2025-04-04 07:59:38,Hải Phòng
474,Bàn phím cơ,3.0,800000,2025-06-03 16:44:28,Đà Nẵng
475,USB 3.0,3.0,150000,2025-12-05 11:09:32,Hải Phòng
476,Tai nghe,7.0,500000,2025-01-16 06:42:28,Đà Nẵng
477,Bàn phím cơ,8.0,800000,2025-12-13 16:37:43,
478,USB 3.0,3.0,150000,2025-04-01 00:48:33,Hồ Chí Minh
479,Tai nghe,8.0,500000,2025-09-11 21:12:26,Hà Nội
480,USB 3.0,1.0,150000,2025-05-16 08:46:22,Hà Nội
481,Tai nghe,7.0,500000,2025-10-15 14:39:06,Hồ Chí Minh
482,Chuột không dây,2.0,250000,2025-03-23 16:45:03,Hồ Chí Minh
483,Màn hình 24inch,1.0,3500000,2025-06-29 22:23:16,Hồ Chí Minh
484,Bàn phím cơ,3.0,800000,2025-04-21 16:54:26,Hà Nội
485,Màn hình 24inch,8.0,3500000,2025-06-29 14:49:10,
486,Màn hình 24inch,6.0,3500000,2025-12-14 23:33:33,Cần Thơ
487,Màn hình 24inch,2.0,3500000,2025-07-13 22:44:43,Đà Nẵng
488,USB 3.0,6.0,150000,2025-06-11 07:51:10,Cần Thơ
489,Bàn phím cơ,6.0,800000,2025-10-07 08:22:43,Hà Nội
490,USB 3.0,1.0,150000,2025-12-25 12:19:23,Đà Nẵng
491,Laptop,3.0,15000000,2025-09-07 13:38:02,Đà Nẵng
492,Tai nghe,4.0,500000,2025-10-03 06:43:55,Cần Thơ
493,Laptop,10.0,15000000,2025-12-19 21:53:23,Cần Thơ
494,USB 3.0,,150000,2025-03-12 16:00:46,Cần Thơ
495,Màn hình 24inch,9.0,3500000,2025-05-01 06:00:49,Đà Nẵng
496,Laptop,4.0,15000000,2025-05-30 13:39:47,Hải Phòng
497,Màn hình 24inch,1.0,3500000,2025-05-17 18:21:06,Hồ Chí Minh
498,USB 3.0,10.0,150000,2025-09-22 03:25:31,Hồ Chí Minh
499,Chuột không dây,3.0,-250000,2025-08-30 12:39:11,Hà Nội
500,Laptop,3.0,15000000,2025-03-28 21:11:51,Hồ Chí Minh
501,USB 3.0,1.0,150000,2025-03-25 04:09:00,Cần Thơ
502,USB 3.0,3.0,150000,2025-03-05 20:00:46,Hồ Chí Minh
503,Tai nghe,7.0,500000,2025-01-12 00:57:16,Đà Nẵng
504,Bàn phím cơ,4.0,800000,2025-05-20 00:15:59,Cần Thơ
505,USB 3.0,9.0,150000,2025-11-06 15:09:04,Hải Phòng
506,Laptop,8.0,15000000,2025-02-11 05:08:22,Hải Phòng
507,Tai nghe,1.0,500000,2025-07-16 06:20:42,Cần Thơ
508,Chuột không dây,7.0,250000,2025-07-18 20:34:07,Cần Thơ
509,Laptop,,15000000,2025-07-26 00:41:34,Đà Nẵng
510,Màn hình 24inch,6.0,3500000,2025-07-21 18:04:32,Hải Phòng
511,Màn hình 24inch,8.0,3500000,2025-11-01 17:59:29,Cần Thơ
512,USB 3.0,8.0,150000,2025-03-22 08:48:51,Hải Phòng
513,Laptop,5.0,15000000,2025-08-22 13:53:03,Cần Thơ
514,Màn hình 24inch,6.0,3500000,2025-06-05 16:08:56,Đà Nẵng
515,Chuột không dây,5.0,250000,2025-01-20 18:44:08,Hồ Chí Minh
516,Chuột không dây,10.0,250000,2025-09-11 13:55:04,Đà Nẵng
517,Tai nghe,4.0,500000,2025-03-29 13:16:58,Đà Nẵng
518,Tai nghe,3.0,500000,2025-09-25 17:56:41,Hà Nội
519,Chuột không dây,7.0,250000,2025-08-31 17:04:57,Đà Nẵng
520,USB 3.0,1.0,150000,2025-09-24 00:00:24,Đà Nẵng
521,USB 3.0,,150000,2025-04-15 02:13:07,Hồ Chí Minh
522,Chuột không dây,9.0,-250000,2025-08-01 05:42:04,Hải Phòng
523,Tai nghe,9.0,500000,2025-08-06 17:20:30,Cần Thơ
524,Laptop,7.0,15000000,2025-07-03 21:58:41,Hồ Chí Minh
525,Màn hình 24inch,7.0,3500000,2025-09-07 13:14:54,Đà Nẵng
526,USB 3.0,7.0,150000,2025-06-11 22:49:12,Hải Phòng
527,Bàn phím cơ,9.0,800000,2025-11-16 15:55:09,Hồ Chí Minh
528,Màn hình 24inch,6.0,3500000,2025-12-29 20:58:59,Cần Thơ
529,Màn hình 24inch,6.0,3500000,2025-12-01 20:43:01,Cần Thơ
530,USB 3.0,,150000,2025-03-20 23:58:06,Hồ Chí Minh
531,Tai nghe,2.0,500000,2025-02-13 09:06:04,Cần Thơ
532,Laptop,9.0,15000000,2025-09-13 02:15:52,Hải Phòng
533,Chuột không dây,10.0,250000,2025-12-21 02:01:13,Hải Phòng
534,Chuột không dây,8.0,250000,2025-07-31 19:27:01,Hồ Chí Minh
535,Chuột không dây,4.0,250000,2025-06-23 09:18:10,Cần Thơ
536,Tai nghe,7.0,500000,2025-03-02 10:01:37,Hà Nội
537,Chuột không dây,6.0,250000,2025-06-14 05:28:07,Cần Thơ
538,USB 3.0,6.0,150000,2025-08-06 08:14:10,Cần Thơ
539,Tai nghe,1.0,500000,2025-10-31 06:44:37,Hải Phòng
540,Tai nghe,5.0,500000,2025-12-07 12:10:08,Hà Nội
541,Chuột không dây,8.0,250000,2025-02-25 23:03:01,Hà Nội
542,Tai nghe,2.0,500000,2025-03-29 19:43:44,Cần Thơ
543,Laptop,10.0,15000000,2025-04-23 03:01:15,Hà Nội
544,Màn hình 24inch,3.0,3500000,2025-05-04 21:01:16,Hải Phòng
545,Chuột không dây,4.0,250000,2025-08-25 12:32:25,Hồ Chí Minh
546,Chuột không dây,,250000,2025-10-05 14:38:40,Hà Nội
547,Tai nghe,8.0,500000,2025-11-01 08:20:58,Hồ Chí Minh
548,Laptop,6.0,15000000,2025-06-23 05:15:20,Hồ Chí Minh
549,Chuột không dây,6.0,250000,2025-09-01 07:41:21,Cần Thơ
550,Bàn phím cơ,10.0,800000,2025-12-05 22:41:59,Hải Phòng
551,Chuột không dây,3.0,250000,2025-09-29 13:22:50,Hà Nội
552,Tai nghe,10.0,500000,2025-08-27 16:32:05,Hải Phòng
553,Màn hình 24inch,8.0,3500000,2025-03-05 14:01:58,Hà Nội
554,Laptop,1.0,15000000,2025-11-23 03:03:04,Đà Nẵng
555,Bàn phím cơ,7.0,800000,2025-04-05 04:47:35,Hà Nội
556,Bàn phím cơ,6.0,800000,2025-09-19 05:48:21,Hải Phòng
557,USB 3.0,9.0,150000,2025-01-23 11:43:30,Hà Nội
558,Laptop,8.0,15000000,2025-11-08 02:49:13,Đà Nẵng
559,Bàn phím cơ,9.0,800000,2025-08-26 13:12:04,
560,USB 3.0,9.0,150000,2025-01-28 17:29:27,Hải Phòng
561,USB 3.0,3.0,150000,2025-12-08 11:21:12,Hồ Chí Minh
562,Tai nghe,10.0,500000,2025-04-10 13:27:51,Hải Phòng
563,Tai nghe,4.0,500000,2025-10-19 23:26:46,Đà Nẵng
564,Tai nghe,3.0,500000,2025-07-16 03:20:37,Hồ Chí Minh
565,Laptop,,15000000,2025-11-27 09:20:55,Cần Thơ
566,Chuột không dây,5.0,250000,2025-06-24 11:14:34,Hải Phòng
567,Bàn phím cơ,6.0,800000,2025-01-19 20:10:42,Hồ Chí Minh
568,Laptop,6.0,15000000,2025-03-09 04:25:33,Hải Phòng
569,Chuột không dây,4.0,250000,2025-02-12 00:49:31,Hồ Chí Minh
570,Chuột không dây,4.0,250000,2025-10-30 17:01:59,Cần Thơ
571,Bàn phím cơ,5.0,800000,2025-05-15 15:06:16,Đà Nẵng
572,Màn hình 24inch,5.0,3500000,2025-01-08 21:05:35,Đà Nẵng
573,Bàn phím cơ,6.0,800000,2025-01-21 19:14:11,Đà Nẵng
574,Bàn phím cơ,6.0,800000,2025-04-02 08:09:43,Hồ Chí Minh
575,Chuột không dây,9.0,250000,2025-03-30 18:48:12,Cần Thơ
576,Màn hình 24inch,10.0,3500000,2025-10-15 13:56:51,Cần Thơ
577,Bàn phím cơ,3.0,800000,2025-05-29 03:37:04,Hải Phòng
578,Laptop,10.0,15000000,2025-06-04 12:37:14,Hồ Chí Minh
579,Tai nghe,2.0,500000,2025-06-06 08:54:59,Hải Phòng
580,Tai nghe,3.0,500000,2025-03-05 21:02:18,Hồ Chí Minh
581,Chuột không dây,1.0,250000,2025-09-07 04:31:04,Đà Nẵng
582,Bàn phím cơ,2.0,800000,2025-12-21 21:10:44,Đà Nẵng
583,Tai nghe,4.0,500000,2025-07-29 05:20:48,Cần Thơ
584,Màn hình 24inch,7.0,3500000,2025-11-19 22:52:08,Cần Thơ
585,Tai nghe,2.0,500000,2025-02-25 05:21:22,Hải Phòng
586,Bàn phím cơ,6.0,800000,2025-02-05 00:58:58,Hà Nội
587,Bàn phím cơ,3.0,800000,2025-12-24 01:53:50,Cần Thơ
588,Chuột không dây,10.0,250000,2025-12-10 16:38:29,Cần Thơ
589,Màn hình 24inch,2.0,3500000,2025-03-13 21:48:35,Hải Phòng
590,USB 3.0,3.0,150000,2025-04-23 03:29:57,Đà Nẵng
591,Tai nghe,4.0,500000,2025-04-16 23:28:39,Hồ Chí Minh
592,Tai nghe,7.0,500000,2025-05-28 21:34:03,Cần Thơ
593,Bàn phím cơ,1.0,800000,2025-01-31 07:36:34,Hà Nội
594,Bàn phím cơ,4.0,800000,2025-02-11 22:28:21,Hà Nội
595,Tai nghe,5.0,500000,2025-09-23 02:49:54,Cần Thơ
596,Chuột không dây,10.0,250000,2025-09-19 12:00:15,Cần Thơ
597,USB 3.0,8.0,150000,2025-04-30 04:09:05,Hà Nội
598,Bàn phím cơ,,800000,2025-07-05 18:08:04,Hà Nội
599,Chuột không dây,1.0,250000,2025-05-11 16:21:09,Đà Nẵng
600,Chuột không dây,9.0,250000,2025-10-13 14:45:13,Hà Nội
601,Chuột không dây,4.0,250000,2025-06-16 11:42:44,Hồ Chí Minh
602,Laptop,,15000000,2025-09-28 07:35:24,Đà Nẵng
603,USB 3.0,4.0,150000,2025-10-10 23:56:45,Hải Phòng
604,Bàn phím cơ,2.0,800000,2025-02-05 13:22:17,Đà Nẵng
605,Laptop,3.0,15000000,2025-05-09 18:06:23,Hà Nội
606,USB 3.0,8.0,150000,2025-09-17 16:39:28,Đà Nẵng
607,Tai nghe,6.0,500000,2025-01-04 11:31:03,Đà Nẵng
608,Tai nghe,6.0,500000,2025-03-30 05:22:46,Hà Nội
609,Bàn phím cơ,7.0,800000,2025-11-02 07:46:40,Hồ Chí Minh
610,Bàn phím cơ,1.0,800000,2025-08-04 17:49:23,Hải Phòng
611,Chuột không dây,3.0,250000,2025-10-16 21:03:10,Hồ Chí Minh
612,Laptop,8.0,15000000,2025-11-19 00:54:14,Hồ Chí Minh
613,Bàn phím cơ,9.0,800000,2025-01-09 12:22:30,
614,USB 3.0,1.0,150000,2025-05-02 07:26:10,Hải Phòng
615,Chuột không dây,3.0,250000,2025-08-05 02:21:19,Hồ Chí Minh
616,Laptop,9.0,15000000,2025-03-23 02:10:54,Cần Thơ
617,Màn hình 24inch,3.0,3500000,2025-01-22 11:34:04,Hà Nội
618,Tai nghe,10.0,500000,2025-09-28 08:30:15,Hải Phòng
619,Bàn phím cơ,5.0,800000,2025-06-11 16:52:27,Hải Phòng
620,Tai nghe,9.0,500000,2025-12-18 02:15:40,Đà Nẵng
621,Màn hình 24inch,10.0,3500000,2025-06-11 16:19:39,Hà Nội
622,Màn hình 24inch,7.0,3500000,2025-11-27 20:53:36,Cần Thơ
623,Tai nghe,5.0,500000,2025-08-13 08:48:43,Hải Phòng
624,Chuột không dây,6.0,250000,2025-09-29 15:01:59,Cần Thơ
625,Màn hình 24inch,8.0,3500000,2025-08-23 06:26:41,Đà Nẵng
626,Tai nghe,7.0,500000,2025-04-16 18:48:11,Đà Nẵng
627,Màn hình 24inch,7.0,3500000,2025-04-10 14:25:37,Cần Thơ
628,Màn hình 24inch,4.0,3500000,2025-09-06 10:31:11,Hải Phòng
629,USB 3.0,5.0,150000,2025-12-16 14:50:14,Hà Nội
630,Tai nghe,2.0,500000,2025-12-22 05:08:12,Hồ Chí Minh
631,Màn hình 24inch,10.0,3500000,2025-05-14 03:39:41,Cần Thơ
632,Màn hình 24inch,4.0,3500000,2025-09-02 02:28:09,Hà Nội
633,Bàn phím cơ,4.0,800000,2025-01-04 12:42:07,Hà Nội
634,Màn hình 24inch,10.0,-3500000,2025-10-22 00:49:14,Hà Nội
635,Bàn phím cơ,9.0,800000,2025-08-20 09:26:54,Hồ Chí Minh
636,USB 3.0,3.0,150000,2025-03-28 02:20:21,Hà Nội
637,Tai nghe,1.0,500000,2025-09-14 18:50:08,Hà Nội
638,Màn hình 24inch,4.0,3500000,2025-10-15 19:12:09,Cần Thơ
639,Tai nghe,7.0,500000,2025-04-06 13:40:48,Hải Phòng
640,Chuột không dây,1.0,250000,2025-10-02 14:03:10,Đà Nẵng
641,Tai nghe,9.0,500000,2025-05-11 07:01:36,Hải Phòng
642,Màn hình 24inch,7.0,3500000,2025-06-26 00:41:45,Hồ Chí Minh
643,Màn hình 24inch,6.0,3500000,2025-01-24 15:02:50,Hà Nội
644,Bàn phím cơ,5.0,800000,2025-04-01 17:44:57,Đà Nẵng
645,Chuột không dây,8.0,250000,2025-06-21 19:48:39,Đà Nẵng
646,Màn hình 24inch,3.0,3500000,2025-10-21 15:51:30,Đà Nẵng
647,Bàn phím cơ,7.0,800000,2025-01-16 19:28:51,Hải Phòng
648,Bàn phím cơ,4.0,800000,2025-07-10 08:51:29,Hải Phòng
649,USB 3.0,10.0,150000,2025-08-21 15:17:24,Hà Nội
650,Màn hình 24inch,1.0,3500000,2025-10-19 23:53:19,Hải Phòng
651,Tai nghe,4.0,500000,2025-09-04 20:42:49,Hà Nội
652,USB 3.0,7.0,150000,2025-04-30 07:04:07,
653,Bàn phím cơ,8.0,-800000,2025-08-09 15:52:50,Đà Nẵng
654,Chuột không dây,3.0,250000,2025-01-05 15:06:32,Đà Nẵng
655,Màn hình 24inch,2.0,3500000,2025-10-12 17:37:41,Đà Nẵng
656,Laptop,7.0,15000000,2025-11-20 23:25:24,Hải Phòng
657,USB 3.0,9.0,150000,2025-08-25 09:53:00,Hải Phòng
658,Màn hình 24inch,10.0,3500000,2025-06-10 12:50:39,Cần Thơ
659,Laptop,2.0,15000000,2025-11-12 12:36:49,Hà Nội
660,Bàn phím cơ,8.0,-800000,2025-11-05 23:19:31,Cần Thơ
661,Laptop,6.0,15000000,2025-07-11 05:30:36,Cần Thơ
662,Chuột không dây,8.0,250000,2025-12-08 17:01:32,Hà Nội
663,Tai nghe,4.0,500000,2025-03-01 15:19:28,Hải Phòng
664,Bàn phím cơ,3.0,800000,2025-09-02 04:20:06,Đà Nẵng
665,Laptop,1.0,15000000,2025-12-02 00:00:18,Hồ Chí Minh
666,Tai nghe,5.0,500000,2025-03-09 22:04:51,Hồ Chí Minh
667,Bàn phím cơ,7.0,800000,2025-09-07 15:20:46,Hồ Chí Minh
668,Màn hình 24inch,5.0,3500000,2025-02-27 20:48:00,Hải Phòng
669,Laptop,1.0,15000000,2025-09-08 06:53:07,Đà Nẵng
670,Chuột không dây,9.0,250000,2025-02-14 05:48:56,Đà Nẵng
671,USB 3.0,7.0,150000,2025-04-25 10:21:58,Cần Thơ
672,Màn hình 24inch,,3500000,2025-11-10 20:37:50,Hồ Chí Minh
673,Chuột không dây,7.0,250000,2025-11-11 07:05:18,Hà Nội
674,USB 3.0,9.0,150000,2025-07-17 02:24:35,Hải Phòng
675,Chuột không dây,5.0,250000,2025-09-17 14:41:59,Hà Nội
676,USB 3.0,,150000,2025-08-06 05:44:43,Hải Phòng
677,Màn hình 24inch,6.0,3500000,2025-03-04 21:55:58,Đà Nẵng
678,Chuột không dây,9.0,250000,2025-11-02 08:12:35,Hải Phòng
679,Tai nghe,7.0,500000,2025-12-23 23:42:45,Cần Thơ
680,USB 3.0,1.0,150000,2025-11-01 05:26:19,Cần Thơ
681,Tai nghe,8.0,500000,2025-09-10 17:54:28,Cần Thơ
682,Tai nghe,4.0,500000,2025-07-09 06:22:54,Đà Nẵng
683,Tai nghe,4.0,500000,2025-09-01 02:17:26,
684,Màn hình 24inch,5.0,3500000,2025-10-31 15:48:47,Hà Nội
685,Bàn phím cơ,7.0,800000,2025-07-09 03:54:26,Hà Nội
686,Chuột không dây,6.0,250000,2025-09-09 16:30:04,Cần Thơ
687,Chuột không dây,5.0,250000,2025-02-21 12:57:19,Cần Thơ
688,USB 3.0,9.0,150000,2025-11-03 22:25:52,Cần Thơ
689,Bàn phím cơ,7.0,800000,2025-08-14 05:00:19,Hồ Chí Minh
690,Chuột không dây,5.0,250000,2025-07-03 15:53:42,Đà Nẵng
691,Chuột không dây,8.0,250000,2025-07-10 05:25:04,Hải Phòng
692,USB 3.0,7.0,150000,2025-01-23 23:56:31,Cần Thơ
693,Bàn phím cơ,6.0,800000,2025-10-02 03:03:32,Đà Nẵng
694,Laptop,1.0,15000000,2025-07-17 22:06:40,Cần Thơ
695,Laptop,6.0,15000000,2025-07-06 10:24:07,Đà Nẵng
696,Tai nghe,,500000,2025-04-28 14:13:07,Cần Thơ
697,Màn hình 24inch,4.0,3500000,2025-01-26 02:36:37,Hồ Chí Minh
698,Chuột không dây,1.0,250000,2025-08-24 21:22:49,Hải Phòng
699,Bàn phím cơ,9.0,800000,2025-09-29 00:35:16,Đà Nẵng
700,Laptop,6.0,15000000,2025-01-29 10:57:25,Hải Phòng
701,Chuột không dây,7.0,250000,2025-01-02 11:19:25,Đà Nẵng
702,Laptop,1.0,15000000,2025-06-01 08:24:19,Hải Phòng
703,Chuột không dây,7.0,250000,2025-07-28 10:15:37,Đà Nẵng
704,Tai nghe,9.0,500000,2025-07-30 23:01:16,Đà Nẵng
705,Laptop,7.0,15000000,2025-01-29 03:35:49,Cần Thơ
706,Laptop,5.0,15000000,2025-10-13 12:06:08,Hải Phòng
707,USB 3.0,1.0,150000,2025-05-15 12:55:26,Hải Phòng
708,Chuột không dây,1.0,250000,2025-12-13 00:36:26,Đà Nẵng
709,Tai nghe,9.0,500000,2025-04-30 22:45:58,Hải Phòng
710,Tai nghe,2.0,500000,2025-07-17 10:09:16,Hải Phòng
711,USB 3.0,4.0,150000,2025-09-19 00:11:49,Cần Thơ
712,Laptop,1.0,15000000,2025-04-21 02:08:04,Hồ Chí Minh
713,Tai nghe,3.0,500000,2025-03-09 11:30:54,Đà Nẵng
714,Màn hình 24inch,9.0,3500000,2025-08-26 23:25:51,Hà Nội
715,Bàn phím cơ,1.0,800000,2025-07-18 13:03:39,Hồ Chí Minh
716,Bàn phím cơ,1.0,800000,2025-01-21 20:20:49,Đà Nẵng
717,Chuột không dây,8.0,250000,2025-12-06 17:06:33,Hải Phòng
718,Tai nghe,1.0,500000,2025-07-23 22:44:34,Hồ Chí Minh
719,Bàn phím cơ,3.0,800000,2025-02-10 11:44:37,Hải Phòng
720,Laptop,4.0,15000000,2025-10-28 06:29:26,Hồ Chí Minh
721,Màn hình 24inch,1.0,3500000,2025-05-17 12:56:24,
722,Màn hình 24inch,8.0,3500000,2025-12-30 12:25:00,Cần Thơ
723,USB 3.0,3.0,150000,2025-11-04 16:05:45,Hồ Chí Minh
724,Màn hình 24inch,6.0,3500000,2025-02-25 04:50:58,Cần Thơ
725,Màn hình 24inch,5.0,3500000,2025-07-14 08:23:35,Hồ Chí Minh
726,Màn hình 24inch,7.0,3500000,2025-02-26 12:36:14,Đà Nẵng
727,Laptop,1.0,15000000,2025-03-25 19:24:29,Hải Phòng
728,Bàn phím cơ,,800000,2025-09-17 12:13:34,Hải Phòng
729,Laptop,1.0,15000000,2025-11-10 07:25:20,Hải Phòng
730,Chuột không dây,3.0,250000,2025-04-26 09:46:44,Hồ Chí Minh
731,Bàn phím cơ,10.0,800000,2025-09-03 10:35:23,Hải Phòng
732,Chuột không dây,8.0,250000,2025-08-13 11:47:26,Hồ Chí Minh
733,Laptop,3.0,15000000,2025-02-27 06:26:26,Hồ Chí Minh
734,Chuột không dây,2.0,250000,2025-10-24 21:18:10,Hà Nội
735,USB 3.0,6.0,150000,2025-08-23 12:25:00,Cần Thơ
736,Laptop,9.0,15000000,2025-07-19 03:19:34,Hồ Chí Minh
737,Tai nghe,7.0,500000,2025-03-15 11:25:40,Hồ Chí Minh
738,Chuột không dây,10.0,250000,2025-05-25 20:49:44,Đà Nẵng
739,USB 3.0,9.0,150000,2025-12-01 15:24:15,Cần Thơ
740,Chuột không dây,4.0,250000,2025-03-18 00:39:49,Hải Phòng
741,Laptop,2.0,15000000,2025-11-02 20:06:15,Hà Nội
742,USB 3.0,9.0,150000,2025-05-27 00:35:43,Hồ Chí Minh
743,Chuột không dây,1.0,250000,2025-05-29 08:26:19,Hồ Chí Minh
744,USB 3.0,,150000,2025-01-25 17:44:35,Hồ Chí Minh
745,USB 3.0,3.0,150000,2025-11-01 07:04:12,Hồ Chí Minh
746,USB 3.0,3.0,150000,2025-09-10 21:43:44,Cần Thơ
747,Bàn phím cơ,5.0,800000,2025-07-09 22:06:02,Cần Thơ
748,Laptop,6.0,15000000,2025-04-09 10:35:35,Hà Nội
749,Màn hình 24inch,2.0,-3500000,2025-03-27 16:40:47,Cần Thơ
750,Bàn phím cơ,10.0,800000,2025-07-18 16:43:36,Cần Thơ
751,Laptop,7.0,15000000,2025-05-22 04:20:16,Hải Phòng
752,Laptop,7.0,15000000,2025-11-21 03:45:03,Đà Nẵng
753,USB 3.0,6.0,150000,2025-03-22 16:11:44,Hà Nội
754,USB 3.0,7.0,150000,2025-11-20 09:29:01,Cần Thơ
755,Tai nghe,2.0,500000,2025-03-27 19:00:30,Cần Thơ
756,Laptop,6.0,15000000,2025-08-05 18:04:37,Đà Nẵng
757,Tai nghe,3.0,500000,2025-03-31 21:57:05,Hải Phòng
758,Bàn phím cơ,10.0,800000,2025-05-24 03:18:20,Hà Nội
759,Màn hình 24inch,4.0,3500000,2025-12-28 00:15:49,Hồ Chí Minh
760,Chuột không dây,2.0,250000,2025-09-30 12:00:08,Đà Nẵng
761,USB 3.0,7.0,150000,2025-05-10 17:33:40,Cần Thơ
762,Bàn phím cơ,8.0,800000,2025-06-12 15:28:11,Cần Thơ
763,Laptop,4.0,15000000,2025-05-06 16:12:18,Đà Nẵng
764,Chuột không dây,6.0,250000,2025-07-11 08:04:43,Cần Thơ
765,USB 3.0,4.0,150000,2025-12-11 01:11:18,Đà Nẵng
766,USB 3.0,7.0,150000,2025-08-17 02:53:38,Đà Nẵng
767,Laptop,5.0,15000000,2025-06-18 17:24:12,Đà Nẵng
768,Bàn phím cơ,4.0,800000,2025-08-31 04:51:16,Hồ Chí Minh
769,Laptop,,15000000,2025-08-13 13:27:49,Hồ Chí Minh
770,Chuột không dây,,250000,2025-12-21 01:35:05,Hải Phòng
771,Màn hình 24inch,7.0,3500000,2025-10-17 01:00:25,Hà Nội
772,USB 3.0,9.0,150000,2025-11-05 01:59:05,Hà Nội
773,Chuột không dây,1.0,250000,2025-02-12 11:17:45,Hồ Chí Minh
774,Màn hình 24inch,4.0,-3500000,2025-10-24 12:23:47,Đà Nẵng
775,USB 3.0,5.0,150000,2025-07-06 06:44:56,Hồ Chí Minh
776,Chuột không dây,8.0,250000,2025-03-08 12:21:50,Đà Nẵng
777,USB 3.0,7.0,150000,2025-02-08 14:08:30,Đà Nẵng
778,USB 3.0,1.0,150000,2025-07-25 05:37:26,Đà Nẵng
779,Chuột không dây,9.0,250000,2025-10-20 23:22:02,Cần Thơ
780,USB 3.0,8.0,150000,2025-12-08 05:36:57,Hải Phòng
781,Chuột không dây,2.0,-250000,2025-01-21 02:29:35,Hồ Chí Minh
782,USB 3.0,2.0,150000,2025-12-11 11:10:49,Đà Nẵng
783,USB 3.0,1.0,-150000,2025-01-31 15:57:04,Hồ Chí Minh
784,Bàn phím cơ,10.0,800000,2025-08-12 05:33:22,Hồ Chí Minh
785,Tai nghe,2.0,500000,2025-09-05 15:36:09,Hồ Chí Minh
786,Laptop,,15000000,2025-12-15 21:41:46,Hồ Chí Minh
787,Màn hình 24inch,7.0,3500000,2025-03-22 23:57:38,Cần Thơ
788,Laptop,,15000000,2025-11-22 20:04:07,Cần Thơ
789,Chuột không dây,4.0,250000,2025-02-05 06:11:26,Hà Nội
790,Laptop,7.0,15000000,2025-04-12 14:24:40,Hải Phòng
791,USB 3.0,,150000,2025-12-18 00:53:13,Hà Nội
792,USB 3.0,4.0,150000,2025-05-17 19:52:14,
793,Màn hình 24inch,1.0,3500000,2025-02-11 02:52:44,Hà Nội
794,Màn hình 24inch,1.0,3500000,2025-04-13 11:28:10,Đà Nẵng
795,Chuột không dây,6.0,250000,2025-05-08 14:28:41,Hà Nội
796,Tai nghe,10.0,500000,2025-06-10 05:08:38,Hồ Chí Minh
797,Chuột không dây,6.0,250000,2025-06-20 04:20:27,
798,Chuột không dây,4.0,250000,2025-09-12 01:21:49,Hà Nội
799,USB 3.0,3.0,150000,2025-09-07 18:55:19,
800,Bàn phím cơ,4.0,800000,2025-02-01 07:01:40,Hải Phòng
801,Tai nghe,5.0,500000,2025-07-07 18:14:08,Hồ Chí Minh
802,Chuột không dây,6.0,250000,2025-06-27 17:00:46,Hà Nội
803,Tai nghe,1.0,500000,2025-05-01 08:49:25,Hà Nội
804,Chuột không dây,2.0,250000,2025-09-13 20:15:14,Đà Nẵng
805,USB 3.0,5.0,150000,2025-04-17 10:36:43,Cần Thơ
806,Chuột không dây,9.0,250000,2025-01-23 10:27:36,Hải Phòng
807,Tai nghe,7.0,500000,2025-06-28 00:21:54,Đà Nẵng
808,Màn hình 24inch,2.0,3500000,2025-09-01 00:39:01,Hải Phòng
809,Bàn phím cơ,8.0,800000,2025-05-22 11:31:27,Hải Phòng
810,Tai nghe,4.0,500000,2025-05-20 01:45:20,Đà Nẵng
811,Laptop,7.0,15000000,2025-07-14 16:37:31,Hà Nội
812,Chuột không dây,1.0,250000,2025-06-06 14:38:05,Hải Phòng
813,Chuột không dây,7.0,250000,2025-04-23 11:46:18,
814,Tai nghe,7.0,500000,2025-07-20 03:54:35,Hải Phòng
815,Tai nghe,,500000,2025-01-11 03:29:38,Hà Nội
816,USB 3.0,7.0,150000,2025-11-01 06:35:06,Hà Nội
817,Chuột không dây,7.0,250000,2025-04-25 18:49:41,Hà Nội
818,Chuột không dây,,250000,2025-10-31 01:34:04,Hồ Chí Minh
819,USB 3.0,4.0,150000,2025-12-26 13:26:53,Cần Thơ
820,USB 3.0,,150000,2025-02-08 15:25:34,Hà Nội
821,Màn hình 24inch,1.0,3500000,2025-06-13 23:04:12,Hà Nội
822,Chuột không dây,1.0,250000,2025-07-11 13:19:12,Hồ Chí Minh
823,Chuột không dây,6.0,250000,2025-03-01 18:24:53,Hồ Chí Minh
824,Chuột không dây,5.0,250000,2025-11-06 15:41:15,Hải Phòng
825,Tai nghe,6.0,500000,2025-02-14 15:21:07,
826,Màn hình 24inch,5.0,3500000,2025-01-20 11:51:35,Đà Nẵng
827,Bàn phím cơ,10.0,800000,2025-11-03 05:29:23,Hải Phòng
828,Chuột không dây,2.0,250000,2025-01-03 13:18:50,Hải Phòng
829,Tai nghe,7.0,500000,2025-06-06 09:49:01,Hồ Chí Minh
830,Bàn phím cơ,9.0,800000,2025-07-01 11:08:11,Hải Phòng
831,USB 3.0,3.0,150000,2025-11-01 16:53:45,Hải Phòng
832,Chuột không dây,8.0,250000,2025-05-07 04:55:19,Cần Thơ
833,Bàn phím cơ,9.0,800000,2025-05-19 02:04:46,Cần Thơ
834,Laptop,2.0,15000000,2025-02-10 23:02:01,Cần Thơ
835,Màn hình 24inch,3.0,3500000,2025-01-26 11:46:41,Đà Nẵng
836,Màn hình 24inch,1.0,3500000,2025-01-11 09:07:53,Hà Nội
837,Chuột không dây,1.0,250000,2025-05-28 07:24:05,Cần Thơ
838,Tai nghe,9.0,500000,2025-05-03 10:30:23,Hà Nội
839,Bàn phím cơ,9.0,800000,2025-12-20 16:29:37,Hà Nội
840,Màn hình 24inch,1.0,3500000,2025-03-18 10:41:36,Đà Nẵng
841,Chuột không dây,2.0,250000,2025-07-25 23:12:16,Cần Thơ
842,Laptop,10.0,15000000,2025-09-07 09:24:50,Hồ Chí Minh
843,Laptop,6.0,15000000,2025-09-14 02:21:51,Đà Nẵng
844,Laptop,1.0,15000000,2025-11-28 22:38:00,Hải Phòng
845,Màn hình 24inch,4.0,3500000,2025-07-25 05:51:48,Hồ Chí Minh
846,Tai nghe,10.0,500000,2025-02-14 03:44:24,Hà Nội
847,Laptop,10.0,15000000,2025-12-13 11:00:02,Hồ Chí Minh
848,Chuột không dây,7.0,250000,2025-09-09 03:04:00,Đà Nẵng
849,Màn hình 24inch,9.0,3500000,2025-01-15 22:59:27,Đà Nẵng
850,Màn hình 24inch,8.0,3500000,2025-08-11 05:22:14,Đà Nẵng
851,Màn hình 24inch,8.0,3500000,2025-05-08 12:09:58,Hải Phòng
852,USB 3.0,2.0,150000,2025-01-11 09:05:38,Cần Thơ
853,USB 3.0,5.0,150000,2025-04-04 06:08:32,Đà Nẵng
854,Màn hình 24inch,4.0,3500000,2025-10-16 06:06:20,Đà Nẵng
855,Tai nghe,8.0,500000,2025-11-02 16:34:47,Hồ Chí Minh
856,USB 3.0,6.0,150000,2025-10-03 00:02:30,
857,Laptop,9.0,15000000,2025-09-07 11:01:30,Hà Nội
858,Laptop,7.0,15000000,2025-06-17 21:32:11,Cần Thơ
859,Chuột không dây,7.0,250000,2025-06-12 02:14:39,Hải Phòng
860,Tai nghe,1.0,500000,2025-06-12 12:58:50,Hải Phòng
861,Chuột không dây,10.0,-250000,2025-01-16 10:19:23,Hà Nội
862,Chuột không dây,1.0,250000,2025-02-21 09:06:57,Hà Nội
863,Chuột không dây,3.0,250000,2025-05-23 16:04:57,Đà Nẵng
864,Màn hình 24inch,1.0,3500000,2025-05-09 08:55:14,
865,Laptop,9.0,15000000,2025-05-16 08:59:05,Hải Phòng
866,Màn hình 24inch,10.0,3500000,2025-12-23 17:46:10,Hà Nội
867,Màn hình 24inch,6.0,3500000,2025-07-19 20:03:46,Đà Nẵng
868,Chuột không dây,9.0,250000,2025-01-30 21:22:09,Cần Thơ
869,USB 3.0,6.0,150000,2025-09-02 20:46:35,Hà Nội
870,Laptop,9.0,15000000,2025-07-06 05:18:51,Đà Nẵng
871,USB 3.0,9.0,150000,2025-11-03 09:23:14,Cần Thơ
872,USB 3.0,2.0,150000,2025-07-26 22:33:37,Hồ Chí Minh
873,Màn hình 24inch,4.0,3500000,2025-10-29 15:04:53,Hải Phòng
874,Bàn phím cơ,7.0,800000,2025-09-05 23:28:01,Hà Nội
875,USB 3.0,9.0,150000,2025-01-10 20:41:36,Hà Nội
876,Chuột không dây,,250000,2025-12-29 15:58:56,Đà Nẵng
877,Chuột không dây,9.0,250000,2025-12-29 21:11:37,Hải Phòng
878,Bàn phím cơ,6.0,800000,2025-01-03 18:22:54,Hà Nội
879,Chuột không dây,9.0,250000,2025-09-01 08:51:36,Hải Phòng
880,USB 3.0,2.0,150000,2025-09-14 04:34:07,
881,USB 3.0,8.0,-150000,2025-08-04 04:53:40,Hà Nội
882,Chuột không dây,8.0,250000,2025-10-18 13:35:54,Hà Nội
883,Laptop,3.0,15000000,2025-05-31 21:43:53,Đà Nẵng
884,Bàn phím cơ,1.0,-800000,2025-11-01 13:49:28,Hồ Chí Minh
885,Bàn phím cơ,6.0,800000,2025-04-28 21:36:44,Cần Thơ
886,Tai nghe,10.0,-500000,2025-02-20 06:54:33,Cần Thơ
887,Chuột không dây,9.0,250000,2025-06-26 12:10:21,Hà Nội
888,Chuột không dây,2.0,250000,2025-03-03 02:25:05,Hải Phòng
889,Bàn phím cơ,6.0,800000,2025-07-14 01:02:10,Hải Phòng
890,USB 3.0,1.0,150000,2025-08-19 20:26:11,Cần Thơ
891,Bàn phím cơ,8.0,800000,2025-05-31 04:45:44,Hồ Chí Minh
892,Màn hình 24inch,8.0,3500000,2025-03-25 00:35:40,Hải Phòng
893,Laptop,1.0,15000000,2025-11-27 06:29:04,Hồ Chí Minh
894,Bàn phím cơ,5.0,800000,2025-04-16 22:59:31,Hà Nội
895,Tai nghe,3.0,500000,2025-01-06 10:34:34,Đà Nẵng
896,Chuột không dây,3.0,250000,2025-01-16 12:10:47,Hải Phòng
897,USB 3.0,6.0,150000,2025-07-21 13:15:33,Cần Thơ
898,Màn hình 24inch,4.0,3500000,2025-03-19 08:43:35,Cần Thơ
899,Bàn phím cơ,2.0,800000,2025-05-13 22:27:10,Cần Thơ
900,Màn hình 24inch,5.0,3500000,2025-09-07 16:21:47,Đà Nẵng
901,Laptop,4.0,15000000,2025-06-07 19:51:54,Đà Nẵng
902,Chuột không dây,10.0,250000,2025-11-29 23:29:55,Hà Nội
903,Laptop,8.0,15000000,2025-07-04 08:17:26,Hà Nội
904,Laptop,7.0,15000000,2025-12-18 16:33:40,Hà Nội
905,Màn hình 24inch,10.0,3500000,2025-04-20 20:53:29,Cần Thơ
906,Chuột không dây,8.0,250000,2025-04-13 12:07:32,Hồ Chí Minh
907,Tai nghe,4.0,500000,2025-12-16 09:35:30,Cần Thơ
908,Laptop,8.0,15000000,2025-04-17 09:58:21,Đà Nẵng
909,Màn hình 24inch,4.0,3500000,2025-11-16 15:52:51,Cần Thơ
910,Tai nghe,1.0,500000,2025-12-02 23:44:56,Hồ Chí Minh
911,Chuột không dây,4.0,250000,2025-11-02 02:46:35,
912,Laptop,8.0,15000000,2025-11-04 16:14:04,Cần Thơ
913,Màn hình 24inch,9.0,3500000,2025-01-04 20:24:39,Hà Nội
914,Màn hình 24inch,1.0,3500000,2025-08-19 08:49:57,
915,Bàn phím cơ,9.0,800000,2025-06-04 01:41:03,
916,Bàn phím cơ,3.0,800000,2025-03-04 22:39:50,Hà Nội
917,Chuột không dây,10.0,250000,2025-11-08 11:23:38,
918,Tai nghe,6.0,500000,2025-03-26 20:19:41,Hồ Chí Minh
919,Màn hình 24inch,4.0,3500000,2025-09-28 14:05:15,Hà Nội
920,USB 3.0,6.0,150000,2025-10-04 20:29:17,Hồ Chí Minh
921,USB 3.0,4.0,150000,2025-12-18 19:12:35,Hải Phòng
922,Laptop,7.0,15000000,2025-02-11 11:50:41,Hải Phòng
923,USB 3.0,9.0,150000,2025-04-26 21:11:18,Hải Phòng
924,Màn hình 24inch,8.0,3500000,2025-09-07 15:53:34,Hà Nội
925,Màn hình 24inch,9.0,3500000,2025-09-02 05:55:08,Hải Phòng
926,Màn hình 24inch,4.0,3500000,2025-08-30 17:17:32,Hà Nội
927,Laptop,2.0,15000000,2025-08-21 17:39:48,Hải Phòng
928,Chuột không dây,6.0,250000,2025-02-28 08:09:17,Hà Nội
929,Laptop,3.0,15000000,2025-06-10 02:05:54,Hải Phòng
930,Laptop,1.0,15000000,2025-05-21 20:39:31,Hà Nội
931,Bàn phím cơ,6.0,800000,2025-12-08 13:06:34,Hà Nội
932,Bàn phím cơ,4.0,800000,2025-09-29 22:48:00,Hải Phòng
933,USB 3.0,6.0,150000,2025-08-21 05:44:18,Hồ Chí Minh
934,USB 3.0,7.0,150000,2025-07-16 20:21:47,Cần Thơ
935,Màn hình 24inch,10.0,3500000,2025-08-22 06:27:06,
936,Bàn phím cơ,2.0,800000,2025-10-04 07:36:46,Đà Nẵng
937,Màn hình 24inch,10.0,3500000,2025-02-26 01:28:47,Hải Phòng
938,Bàn phím cơ,3.0,800000,2025-11-03 06:26:28,Hà Nội
939,Màn hình 24inch,9.0,3500000,2025-12-23 18:34:43,Hồ Chí Minh
940,Bàn phím cơ,9.0,800000,2025-06-07 08:11:43,Hồ Chí Minh
941,Màn hình 24inch,3.0,3500000,2025-12-23 09:40:54,Đà Nẵng
942,Tai nghe,10.0,500000,2025-09-25 09:04:10,Hải Phòng
943,Màn hình 24inch,3.0,3500000,2025-08-15 23:19:30,Đà Nẵng
944,Màn hình 24inch,6.0,3500000,2025-07-23 19:26:48,Hải Phòng
945,Laptop,5.0,15000000,2025-06-25 08:31:51,Hải Phòng
946,USB 3.0,9.0,150000,2025-11-16 20:24:59,Hồ Chí Minh
947,USB 3.0,10.0,150000,2025-03-30 11:23:28,Hồ Chí Minh
948,Laptop,7.0,15000000,2025-03-30 12:22:51,Hà Nội
949,Bàn phím cơ,8.0,800000,2025-05-04 11:00:47,Đà Nẵng
950,Chuột không dây,7.0,250000,2025-05-27 21:45:45,
951,Màn hình 24inch,3.0,3500000,2025-01-02 11:41:09,
952,Bàn phím cơ,10.0,800000,2025-04-15 20:19:06,Cần Thơ
953,USB 3.0,8.0,150000,2025-06-06 07:13:18,Cần Thơ
954,Bàn phím cơ,7.0,800000,2025-10-19 00:32:01,Hải Phòng
955,USB 3.0,4.0,150000,2025-11-25 14:31:48,Hồ Chí Minh
956,USB 3.0,10.0,150000,2025-07-23 02:34:14,Hồ Chí Minh
957,Laptop,,15000000,2025-10-10 06:03:03,Cần Thơ
958,USB 3.0,8.0,150000,2025-05-03 07:26:21,
959,USB 3.0,4.0,150000,2025-12-14 22:54:28,Hồ Chí Minh
960,Màn hình 24inch,6.0,3500000,2025-04-17 04:55:41,Cần Thơ
961,USB 3.0,7.0,150000,2025-04-26 00:25:21,Hà Nội
962,Tai nghe,7.0,500000,2025-04-17 07:57:12,Đà Nẵng
963,USB 3.0,8.0,150000,2025-06-18 06:10:42,Đà Nẵng
964,Chuột không dây,,250000,2025-04-28 03:17:44,Hồ Chí Minh
965,Bàn phím cơ,9.0,800000,2025-08-27 23:53:54,Hà Nội
966,Chuột không dây,6.0,250000,2025-04-22 11:21:14,Hà Nội
967,Tai nghe,6.0,500000,2025-01-10 02:41:56,Cần Thơ
968,Bàn phím cơ,7.0,800000,2025-10-20 23:58:10,Hà Nội
969,Màn hình 24inch,3.0,3500000,2025-07-22 00:32:16,Hải Phòng
970,Màn hình 24inch,6.0,3500000,2025-04-19 06:48:59,Hải Phòng
971,Chuột không dây,2.0,250000,2025-07-26 13:22:32,Hồ Chí Minh
972,Chuột không dây,6.0,250000,2025-12-04 19:40:44,Hà Nội
973,Laptop,,-15000000,2025-07-31 00:47:06,Hà Nội
974,Màn hình 24inch,6.0,3500000,2025-07-25 19:41:09,Đà Nẵng
975,Laptop,6.0,15000000,2025-12-19 00:06:12,
976,Chuột không dây,10.0,250000,2025-02-28 04:36:08,Cần Thơ
977,Màn hình 24inch,10.0,3500000,2025-06-16 05:58:38,Hà Nội
978,Laptop,3.0,15000000,2025-09-23 09:29:26,Cần Thơ
979,Chuột không dây,6.0,250000,2025-05-03 22:09:01,Cần Thơ
980,Màn hình 24inch,1.0,3500000,2025-04-01 22:22:36,Hải Phòng
981,Màn hình 24inch,6.0,3500000,2025-02-15 23:03:16,Hải Phòng
982,Màn hình 24inch,4.0,3500000,2025-06-07 14:37:48,
983,Tai nghe,8.0,500000,2025-03-31 03:29:46,Đà Nẵng
984,Chuột không dây,7.0,250000,2025-01-17 03:49:52,Hồ Chí Minh
985,Màn hình 24inch,,3500000,2025-04-19 17:31:04,Hà Nội
986,Màn hình 24inch,6.0,3500000,2025-03-12 02:02:58,Hải Phòng
987,Tai nghe,,500000,2025-02-07 16:13:00,Hồ Chí Minh
988,Laptop,,15000000,2025-11-01 00:05:13,Hồ Chí Minh
989,Bàn phím cơ,7.0,800000,2025-09-22 15:44:17,Hải Phòng
990,Màn hình 24inch,6.0,3500000,2025-09-28 16:22:58,Hà Nội
991,USB 3.0,2.0,150000,2025-03-01 12:31:44,Cần Thơ
992,Bàn phím cơ,9.0,800000,2025-03-04 20:41:22,Đà Nẵng
993,Laptop,,15000000,2025-08-17 04:21:39,Đà Nẵng
994,Bàn phím cơ,4.0,800000,2025-07-20 17:07:19,Hồ Chí Minh
995,USB 3.0,9.0,150000,2025-12-26 16:13:43,Hải Phòng
996,Bàn phím cơ,8.0,800000,2025-11-28 05:07:48,Hồ Chí Minh
997,Bàn phím cơ,8.0,800000,2025-05-08 12:07:36,Hà Nội
998,Bàn phím cơ,,800000,2025-05-17 10:48:24,Đà Nẵng
999,Màn hình 24inch,7.0,3500000,2025-12-02 06:33:26,Cần Thơ
1000,Màn hình 24inch,9.0,3500000,2025-05-26 15:23:09,Cần Thơ
